rouge1,rouge2,rougeL,rougeLsum
0.01965727701541295,0.0,0.019798176453442617,0.020153175247359816
